name;stars;age_days;prs;releases;update_days;language;issues_ratio
codecrafters-io/build-your-own-x;472812;2858;155;0;13;Markdown;73.54%
sindresorhus/awesome;443047;4256;694;0;1;Unknown;95.62%
freeCodeCamp/freeCodeCamp;437840;4089;27778;0;0;TypeScript;99.18%
public-apis/public-apis;404667;3637;1872;0;14;Python;99.28%
EbookFoundation/free-programming-books;383664;4529;7331;0;0;Python;97.23%
kamranahmedse/developer-roadmap;350302;3278;4075;1;0;TypeScript;99.03%
jwasham/coding-interview-university;337632;3560;415;0;190;Unknown;86.48%
donnemartin/system-design-primer;337526;3294;203;0;123;Python;30.56%
vinta/awesome-python;285857;4269;641;0;1;Python;0.00%
awesome-selfhosted/awesome-selfhosted;277819;3931;2395;1;6;Unknown;100.00%
996icu/996.ICU;275665;2537;1072;0;196;Unknown;0.00%
openclaw/openclaw;269836;102;2777;59;0;TypeScript;64.72%
practical-tutorials/project-based-learning;260353;3250;182;0;568;Unknown;36.12%
facebook/react;243668;4668;12774;118;0;JavaScript;94.37%
torvalds/linux;221157;5296;0;0;0;C;0.00%
TheAlgorithms/Python;218387;3520;3046;0;3;Python;90.48%
vuejs/vue;209962;4603;1136;249;512;TypeScript;96.42%
trimstray/the-book-of-secret-knowledge;208895;2813;122;0;472;Unknown;0.00%
ossu/computer-science;202161;4324;305;0;2;HTML;98.20%
trekhleb/javascript-algorithms;195743;2904;304;0;16;JavaScript;62.80%
tensorflow/tensorflow;194012;3772;42339;221;0;C++;97.83%
ohmyzsh/ohmyzsh;185145;6033;3517;0;0;Shell;97.18%
getify/You-Dont-Know-JS;184465;4493;370;0;19;Unknown;100.00%
CyC2018/CS-Notes;183824;2942;374;0;562;Unknown;77.68%
microsoft/vscode;182362;3836;43349;197;0;TypeScript;94.20%
Significant-Gravitas/AutoGPT;182217;1086;3975;94;0;Python;93.85%
jackfrued/Python-100-Days;179328;2926;13;0;9;Jupyter Notebook;26.44%
n8n-io/n8n;177862;2449;14126;548;0;TypeScript;94.34%
flutter/flutter;175446;4017;46938;7;0;Dart;89.18%
twbs/bootstrap;174028;5333;9114;94;0;MDX;98.30%
github/gitignore;172854;5596;1727;0;21;Unknown;0.00%
massgravel/Microsoft-Activation-Scripts;167870;2244;5;29;12;Batchfile;99.78%
avelino/awesome-go;166693;4261;3610;0;0;Go;98.07%
ollama/ollama;164273;983;3073;189;0;Go;79.03%
AUTOMATIC1111/stable-diffusion-webui;161520;1292;1884;27;4;Python;69.57%
jlevy/the-art-of-command-line;160105;3942;317;0;618;Unknown;52.71%
huggingface/transformers;157492;2685;18743;244;0;Python;94.21%
Snailclimb/JavaGuide;154076;2860;1213;0;2;Java;93.37%
DigitalPlatDev/FreeDomain;150964;645;1;0;3;HTML;0.00%
f/prompts.chat;150337;1187;201;0;0;HTML;97.71%
yt-dlp/yt-dlp;149881;1957;3229;131;2;Python;83.63%
airbnb/javascript;148099;4872;813;0;10;JavaScript;92.65%
langflow-ai/langflow;145313;1121;5794;285;0;Python;89.22%
521xueweihan/HelloGitHub;145004;3593;17;63;6;Python;90.45%
ytdl-org/youtube-dl;139807;5605;1646;341;14;Python;86.47%
vercel/next.js;138181;3438;26145;1000;0;JavaScript;91.56%
yangshun/tech-interview-handbook;138010;3531;486;0;39;TypeScript;63.33%
Genymobile/scrcpy;136572;3026;123;50;8;C;55.12%
labuladong/fucking-algorithm;132933;2207;244;0;6;Markdown;99.90%
golang/go;132915;4217;1;0;0;Go;86.60%
langgenius/dify;131455;1059;9733;158;0;TypeScript;97.57%
microsoft/PowerToys;130260;2500;6349;127;0;C#;78.87%
x1xhlol/system-prompts-and-models-of-ai-tools;128817;365;46;0;0;Unknown;57.14%
langchain-ai/langchain;128455;1236;16041;1000;0;Python;97.31%
Chalarangelo/30-seconds-of-code;126962;3018;836;12;1;JavaScript;100.00%
open-webui/open-webui;125961;881;3314;152;0;Python;97.59%
facebook/react-native;125508;4073;957;444;0;C++;97.28%
krahets/hello-algo;122705;1218;968;10;42;Java;97.16%
kubernetes/kubernetes;120958;4290;64019;784;0;Go;96.20%
electron/electron;120333;4711;24552;1000;0;C++;96.56%
ripienaar/free-for-dev;118706;4005;2900;0;2;HTML;0.00%
excalidraw/excalidraw;118135;2255;3839;14;0;TypeScript;54.66%
anomalyco/opencode;117171;309;2592;730;0;TypeScript;51.82%
justjavac/free-programming-books-zh_CN;116410;4505;282;3;599;Unknown;0.00%
nodejs/node;116105;4117;11894;486;0;JavaScript;91.26%
iptv-org/iptv;112476;2668;6821;0;0;TypeScript;98.63%
d3/d3;112471;5638;494;194;93;Shell;99.55%
mrdoob/three.js;111196;5826;15237;175;0;JavaScript;96.73%
rust-lang/rust;110955;5741;69562;147;0;Rust;81.93%
rustdesk/rustdesk;108754;1984;3946;36;0;Rust;98.48%
axios/axios;108590;4217;1134;109;0;JavaScript;95.95%
microsoft/TypeScript;108031;4279;14857;214;3;TypeScript;88.42%
Hack-with-Github/Awesome-Hacking;107831;3627;34;0;412;Unknown;0.00%
shadcn-ui/ui;107816;1157;1008;75;0;TypeScript;75.12%
microsoft/generative-ai-for-beginners;107596;990;542;0;0;Jupyter Notebook;99.52%
godotengine/godot;107422;4443;41431;66;0;C++;78.81%
GrowingGit/GitHub-Chinese-Top-Charts;106623;2374;0;0;510;Java;47.23%
denoland/deno;106312;2852;14306;368;0;Rust;83.16%
goldbergyoni/nodebestpractices;105148;3094;766;0;324;Dockerfile;85.37%
Comfy-Org/ComfyUI;105017;1144;2216;125;0;Python;56.64%
fatedier/frp;104923;3727;743;109;0;Go;99.06%
papers-we-love/papers-we-love;103847;4464;439;0;12;Shell;99.19%
facebook/create-react-app;103826;3518;1949;83;384;JavaScript;78.06%
tauri-apps/tauri;103696;2428;5401;0;0;Rust;79.62%
microsoft/terminal;102034;3128;4379;148;0;C++;88.07%
deepseek-ai/DeepSeek-V3;101908;435;25;1;190;Python;93.78%
clash-verge-rev/clash-verge-rev;100815;835;752;62;0;TypeScript;96.66%
angular/angular;100075;4186;5682;610;0;TypeScript;96.72%
Shubhamsaboo/awesome-llm-apps;99949;676;170;0;4;Python;99.17%
jaywcjlove/awesome-mac;99585;3518;1081;13;0;JavaScript;73.68%
supabase/supabase;98612;2337;15599;26;0;TypeScript;94.91%
Anduin2017/HowToCook;98554;2197;614;4;2;Dockerfile;44.01%
mtdvio/every-programmer-should-know;98186;3116;110;0;66;Unknown;68.89%
2dust/v2rayN;98023;2411;395;300;0;C#;99.91%
mui/material-ui;98012;4217;21491;558;0;JavaScript;92.16%
pytorch/pytorch;97998;3492;6428;64;0;Python;71.83%
ant-design/ant-design;97676;3968;17069;740;0;TypeScript;96.03%
neovim/neovim;96983;4417;17738;48;0;Vim Script;88.07%
ggml-org/llama.cpp;96923;1091;7486;1000;0;C++;93.82%
google-gemini/gemini-cli;96671;322;5291;396;0;TypeScript;80.60%
fastapi/fastapi;95947;2645;3171;269;0;Python;99.69%
nvbn/thefuck;95611;3984;481;17;594;Python;61.63%
openai/whisper;95530;1266;119;13;81;Python;0.00%
microsoft/Web-Dev-For-Beginners;95393;1942;668;0;0;JavaScript;91.49%
ryanmcdermott/clean-code-javascript;94315;3387;149;0;585;JavaScript;67.35%
immich-app/immich;94133;1491;8734;287;0;TypeScript;93.53%
tailwindlabs/tailwindcss;93929;3072;3302;300;1;TypeScript;98.93%
iluwatar/java-design-patterns;93798;4226;1520;0;4;Java;85.79%
puppeteer/puppeteer;93727;3222;5836;646;1;TypeScript;96.48%
nvm-sh/nvm;92064;5803;741;71;14;Shell;86.17%
deepseek-ai/DeepSeek-R1;91923;410;10;1;252;Unknown;95.95%
florinpop17/app-ideas;90977;2565;151;0;145;Unknown;26.02%
PanJiaChen/vue-element-admin;90289;3245;311;49;498;Vue;65.24%
microsoft/markitdown;90206;477;170;18;13;Python;21.76%
storybookjs/storybook;89371;3640;12293;1000;0;TypeScript;85.10%
firecrawl/firecrawl;88789;689;1365;32;0;TypeScript;94.54%
bitcoin/bitcoin;88367;5555;16174;63;0;C++;96.01%
gin-gonic/gin;88205;4280;1224;29;2;Go;74.98%
oven-sh/bun;87913;1787;7177;210;0;Zig;69.27%
ChatGPTNextWeb/NextChat;87441;1091;894;77;93;TypeScript;80.93%
rasbt/LLMs-from-scratch;87281;956;481;0;2;Jupyter Notebook;100.00%
django/django;86987;5060;10324;0;0;Python;0.00%
gohugoio/hugo;86933;4627;3239;365;0;Go;96.98%
mermaid-js/mermaid;86516;4142;2587;179;0;TypeScript;61.79%
opencv/opencv;86462;4978;13505;67;0;C++;77.52%
sveltejs/svelte;86009;3392;6520;606;0;JavaScript;89.74%
anthropics/skills;85709;164;21;0;1;Python;14.09%
ruanyf/weekly;85280;2701;106;0;0;Unknown;15.17%
home-assistant/core;85169;4553;82590;1000;0;Python;95.72%
3b1b/manim;84999;4001;661;13;21;Python;62.55%
microsoft/ML-For-Beginners;84157;1829;446;0;1;Jupyter Notebook;100.00%
laravel/laravel;83907;5385;1670;211;8;Blade;0.00%
louislam/uptime-kuma;83684;1707;1688;125;0;JavaScript;85.77%
microsoft/playwright;83619;2302;16279;158;0;TypeScript;96.54%
MunGell/awesome-for-beginners;83188;3785;469;0;9;Unknown;92.16%
macrozheng/mall;83037;2893;1;3;0;Java;98.00%
realworld-apps/realworld;82927;3660;434;0;0;TypeScript;93.94%
animate-css/animate.css;82615;5259;315;22;584;CSS;95.47%
punkpeye/awesome-mcp-servers;82343;461;1447;0;0;Unknown;71.23%
bregman-arie/devops-exercises;81401;2345;309;0;69;Python;67.31%
DopplerHQ/awesome-interview-questions;81272;3751;175;0;585;Unknown;55.74%
tonsky/FiraCode;81246;4132;142;29;2;Clojure;69.49%
syncthing/syncthing;80556;4483;2837;462;1;Go;93.65%
astral-sh/uv;80375;885;8514;259;0;Rust;72.61%
modelcontextprotocol/servers;80340;472;1178;24;5;TypeScript;66.67%
spring-projects/spring-boot;80181;4885;42;339;0;Java;98.75%
ByteByteGoHq/system-design-101;80070;899;23;0;335;Unknown;31.03%
hacksider/Deep-Live-Cam;79869;894;98;10;2;Python;92.64%
browser-use/browser-use;79761;490;1668;118;0;Python;90.72%
fighting41love/funNLP;79224;2754;14;0;665;Python;56.47%
doocs/advanced-java;78886;2708;89;1;43;Java;99.32%
vitejs/vite;78633;2145;6058;658;0;TypeScript;94.54%
anuraghazra/github-readme-stats;78633;2066;1568;0;3;JavaScript;88.73%
junegunn/fzf;78342;4516;642;76;0;Go;91.81%
hoppscotch/hoppscotch;78182;2389;2038;99;0;TypeScript;75.64%
netdata/netdata;77967;4644;11754;132;0;C;98.15%
tensorflow/models;77691;3682;2342;51;0;Python;85.20%
nomic-ai/gpt4all;77201;1074;938;38;282;C++;67.50%
MisterBooo/LeetCodeAnimation;76722;2647;63;0;935;Java;70.49%
zed-industries/zed;76511;1840;22146;1000;0;Rust;85.88%
coder/code-server;76503;2563;1639;224;0;TypeScript;95.60%
Developer-Y/cs-video-courses;76427;3422;257;0;12;Unknown;0.00%
FortAwesome/Font-Awesome;76398;5131;220;63;23;JavaScript;98.53%
elastic/elasticsearch;76281;5870;87421;235;0;Java;89.67%
mlabonne/llm-course;76135;992;2;0;29;Unknown;33.68%
localsend/localsend;76051;1176;701;24;2;Dart;46.33%
d2l-ai/d2l-zh;76013;3117;1019;16;584;Python;0.00%
sdmg15/Best-websites-a-programmer-should-visit;75784;3287;431;0;170;Unknown;56.76%
swisskyrepo/PayloadsAllTheThings;75767;3426;564;5;1;Python;0.00%
typicode/json-server;75640;4482;161;46;6;JavaScript;48.05%
Stirling-Tools/Stirling-PDF;75008;1133;3182;168;0;TypeScript;79.25%
nestjs/nest;74872;3316;8089;143;0;TypeScript;99.71%
ventoy/Ventoy;74849;2186;294;108;33;C;69.71%
anthropics/claude-code;74574;376;145;55;0;Shell;82.06%
github/spec-kit;74551;196;179;112;0;Python;38.42%
infiniflow/ragflow;74278;815;5470;40;0;Python;54.82%
unionlabs/union;74264;1024;3102;107;9;Rust;93.03%
vuejs/awesome-vue;73627;3790;3612;0;0;Unknown;83.04%
jesseduffield/lazygit;73613;2848;1809;176;4;Go;69.02%
sherlock-project/sherlock;73412;2629;734;2;0;Python;93.04%
redis/redis;73301;6193;4428;117;0;C;68.08%
awesomedata/awesome-public-datasets;73286;4124;188;1;1;Unknown;38.71%
lobehub/lobehub;73189;1020;4349;1000;0;TypeScript;91.24%
twitter/the-algorithm;72843;1074;2;0;178;Scala;70.26%
tesseract-ocr/tesseract;72727;4223;1432;35;6;C++;84.35%
CompVis/stable-diffusion;72633;1304;5;0;626;Jupyter Notebook;27.07%
grafana/grafana;72517;4467;62673;592;0;TypeScript;92.42%
obra/superpowers;72457;147;39;2;12;Shell;68.77%
thedaviddias/Front-End-Checklist;72317;3063;179;1;30;Unknown;99.34%
enaqx/awesome-react;72259;4230;794;0;51;Unknown;98.32%
vllm-project/vllm;72229;1121;14492;84;0;Python;87.71%
josephmisiti/awesome-machine-learning;71867;4251;902;0;35;Python;98.98%
python/cpython;71861;3310;57256;0;0;Python;90.50%
openai/openai-cookbook;71857;1456;1008;0;0;Jupyter Notebook;90.10%
abi/screenshot-to-code;71804;842;71;0;1;TypeScript;71.39%
ocornut/imgui;71749;4246;418;118;7;C++;84.67%
PaddlePaddle/PaddleOCR;71686;2128;3119;29;1;Python;97.86%
PKUFlyingPig/cs-self-learning;71629;1598;315;5;10;HTML;45.89%
strapi/strapi;71486;3809;9586;514;0;TypeScript;95.14%
moby/moby;71483;4794;22359;276;0;Go;86.02%
pallets/flask;71329;5813;1627;38;1;Python;100.00%
dair-ai/Prompt-Engineering-Guide;71190;1175;342;0;7;MDX;30.71%
apache/superset;70823;3880;16455;243;0;TypeScript;94.65%
protocolbuffers/protobuf;70807;4209;8741;208;0;C++;98.16%
obsproject/obs-studio;70738;4539;5422;237;0;C;84.61%
hakimel/reveal.js;70672;5385;413;49;1;JavaScript;68.11%
caddyserver/caddy;70614;4069;2266;134;0;Go;95.63%
binary-husky/gpt_academic;70174;1082;228;32;40;Python;84.28%
fffaraz/awesome-cpp;70048;4250;839;0;0;Unknown;60.24%
swiftlang/swift;69851;3786;58090;66;0;C++;57.60%
Eugeny/tabby;69326;3360;1512;204;5;TypeScript;58.19%
danielmiessler/SecLists;69277;5129;696;29;0;PHP;96.86%
nektos/act;69171;2619;1057;92;1;Go;81.64%
binhnguyennus/awesome-scalability;69027;2991;37;0;61;Unknown;0.00%
expressjs/express;68866;6096;522;164;5;JavaScript;97.52%
base/node;68708;1129;249;72;0;Go;97.88%
OpenHands/OpenHands;68659;723;6450;99;0;Python;95.61%
AppFlowy-IO/AppFlowy;68411;1724;3894;127;9;Dart;76.80%
ansible/ansible;68213;5112;39672;207;0;Python;98.39%
hiyouga/LlamaFactory;67977;1013;901;35;0;Python;88.51%
chartjs/Chart.js;67220;4736;3016;117;6;JavaScript;93.37%
prakhar1989/awesome-courses;66858;4128;194;0;1037;Unknown;46.99%
juliangarnier/anime;66750;3644;87;34;20;JavaScript;89.82%
leonardomso/33-js-concepts;66263;2740;262;0;5;JavaScript;100.00%
webpack/webpack;66024;5109;5566;448;0;JavaScript;98.89%
labmlai/annotated_deep_learning_paper_implementations;65871;2019;104;0;43;Python;80.28%
apache/echarts;65849;4720;1493;122;1;TypeScript;91.48%
xtekky/gpt4free;65720;1072;871;429;1;Python;99.55%
TapXWorld/ChinaTextbook;65598;2252;1;0;139;Roff;47.20%
NationalSecurityAgency/ghidra;65423;2562;553;52;0;Java;73.76%
scikit-learn/scikit-learn;65308;5680;14167;49;0;Python;86.73%
lydiahallie/javascript-questions;65298;2459;328;0;578;Unknown;92.46%
sindresorhus/awesome-nodejs;65185;4256;421;0;51;Unknown;97.14%
TheAlgorithms/Java;65169;3520;2268;0;0;Java;97.92%
kdn251/interviews;64972;3306;42;0;298;Java;41.38%
bradtraversy/design-resources-for-developers;64962;2130;967;0;33;Unknown;98.20%
kelseyhightower/nocode;64935;2949;1;1;576;Dockerfile;14.80%
FoundationAgents/MetaGPT;64822;980;673;22;44;Python;98.23%
chrislgarry/Apollo-11;64637;4354;355;0;43;Assembly;85.27%
localstack/localstack;64566;3418;6813;106;0;Python;95.03%
toeverything/AFFiNE;64151;1313;9031;540;0;TypeScript;86.09%
facebook/docusaurus;64012;3180;5624;154;0;TypeScript;91.50%
keras-team/keras;63912;3996;4662;86;0;Python;98.53%
openai/codex;63493;327;4315;576;0;Rust;77.07%
prometheus/prometheus;63071;4850;8239;359;0;Go;91.95%
socketio/socket.io;62930;5838;440;82;0;TypeScript;94.90%
alacritty/alacritty;62814;3669;1918;105;1;Rust;94.86%
resume/resume.github.com;62811;5507;84;0;1115;JavaScript;52.38%
OpenBB-finance/OpenBB;62626;1902;4216;54;0;Python;98.51%
affaan-m/everything-claude-code;62593;47;89;10;0;JavaScript;95.38%
openinterpreter/open-interpreter;62557;966;384;48;25;Python;76.55%
daytonaio/daytona;62376;759;1861;162;0;TypeScript;77.85%
nocodb/nocodb;62356;3049;5827;183;0;TypeScript;90.41%
rust-lang/rustlings;62062;3825;922;46;7;Rust;93.54%
traefik/traefik;62056;3826;5084;507;0;Go;89.86%
gorhill/uBlock;61929;3991;256;283;0;JavaScript;99.62%
FuelLabs/sway;61914;1871;3640;185;0;Rust;74.06%
ryanoasis/nerd-fonts;61884;4109;565;38;26;CSS;95.83%
lodash/lodash;61580;5081;614;2;11;JavaScript;98.52%
tldr-pages/tldr;61554;4471;17754;6;0;Markdown;87.89%
unclecode/crawl4ai;61450;666;163;13;0;Python;80.60%
reduxjs/redux;61440;3933;1747;78;0;TypeScript;98.21%
LadybirdBrowser/ladybird;61062;645;5900;0;0;C++;62.96%
atom/atom;60988;5158;3937;538;1158;JavaScript;94.37%
xingshaocheng/architect-awesome;60843;2891;49;0;694;Unknown;32.39%
h5bp/Front-end-Developer-Interview-Questions;60796;5138;484;0;6;Nunjucks;80.79%
scrapy/scrapy;60610;5856;2475;46;4;Python;85.78%
youngyangyang04/leetcode-master;60595;2274;2311;0;38;Shell;24.55%
BurntSushi/ripgrep;60593;3647;544;74;6;Rust;94.68%
minio/minio;60437;4068;9882;521;21;Go;99.43%
commaai/openpilot;60236;3389;12647;61;0;Python;94.38%
adam-p/markdown-here;60162;5045;27;17;196;JavaScript;52.52%
jquery/jquery;59852;6180;867;13;3;JavaScript;96.81%
nuxt/nuxt;59799;3418;7477;274;0;TypeScript;95.28%
spring-projects/spring-framework;59708;5567;906;357;0;Java;98.88%
jgraph/drawio-desktop;59686;3206;22;169;0;JavaScript;96.43%
git/git;59508;6435;3;0;0;C;0.00%
CorentinJ/Real-Time-Voice-Cloning;59504;2476;50;0;81;Python;85.60%
pathwaycom/pathway;59497;1195;19;84;1;Python;80.71%
shadowsocks/shadowsocks-windows;59269;4799;290;55;429;C#;93.55%
meta-llama/llama;59198;1116;54;0;403;Python;58.63%
Solido/awesome-flutter;59180;3225;448;0;22;Dart;0.00%
topjohnwu/Magisk;59082;3466;1688;156;1;Rust;99.40%
Asabeneh/30-Days-Of-Python;59075;2298;137;0;2;Python;59.15%
angular/angular.js;58923;5903;790;0;692;JavaScript;95.69%
cline/cline;58691;608;3248;239;0;TypeScript;85.18%
PlexPt/awesome-chatgpt-prompts-zh;58570;1180;33;0;429;Unknown;60.82%
rails/rails;58347;6538;25884;160;1;Ruby;97.25%
FiloSottile/mkcert;58267;2811;52;14;570;Go;68.86%
FFmpeg/FFmpeg;57614;5440;0;0;0;C;0.00%
sharkdp/bat;57538;2876;1577;43;1;Rust;80.13%
usememos/memos;57525;1548;1917;86;1;Go;99.58%
h5bp/html5-boilerplate;57396;5884;804;34;5;JavaScript;99.63%
FuelLabs/fuel-core;57338;2016;1617;125;0;Rust;86.31%
withastro/astro;57308;1816;8248;1000;0;TypeScript;96.87%
pmndrs/zustand;57258;2523;888;101;3;TypeScript;99.71%
scutan90/DeepLearning-500-questions;57181;2809;302;0;618;JavaScript;42.19%
zylon-ai/private-gpt;57155;1039;226;10;8;Python;78.65%
ultralytics/yolov5;56938;2118;2239;10;13;Python;99.59%
soimort/you-get;56765;4945;582;123;312;Python;0.00%
pocketbase/pocketbase;56576;1340;55;246;0;Go;98.77%
dani-garcia/vaultwarden;56388;2938;1080;78;2;Rust;99.57%
remix-run/react-router;56283;4311;3414;326;1;TypeScript;98.63%
pathwaycom/llm-app;56199;961;49;0;58;Jupyter Notebook;72.22%
meilisearch/meilisearch;56199;2874;2339;299;0;Rust;90.56%
ageitgey/face_recognition;56177;3289;94;2;562;Python;43.40%
rust-unofficial/awesome-rust;56008;4250;1697;0;0;Rust;93.01%
pi-hole/pi-hole;55994;4288;2171;123;3;Shell;99.01%
gatsbyjs/gatsby;55946;3941;18253;158;0;JavaScript;98.47%
rclone/rclone;55874;4372;2310;121;0;Go;84.35%
azl397985856/leetcode;55820;2898;257;40;233;JavaScript;96.88%
Mintplex-Labs/anything-llm;55729;1006;1304;25;0;JavaScript;91.44%
Textualize/rich;55698;2307;860;175;8;Python;85.42%
opendatalab/MinerU;55610;736;1319;143;0;Python;90.97%
wasabeef/awesome-android-ui;55569;4090;90;0;608;Unknown;81.74%
RVC-Boss/GPT-SoVITS;55546;781;355;4;25;Python;61.35%
tiimgreen/github-cheat-sheet;55514;4345;129;0;689;Unknown;65.33%
golang-standards/project-layout;55505;3099;94;0;84;Makefile;38.26%
microsoft/autogen;55238;931;2534;98;1;Python;84.83%
AntonOsika/gpt-engineer;55216;1042;351;21;296;Python;93.81%
Z4nzu/hackingtool;55172;2155;57;0;143;Python;82.14%
FoundationAgents/OpenManus;55059;365;115;3;23;Python;52.50%
docling-project/docling;55056;605;746;156;0;Python;50.55%
appwrite/appwrite;55030;2523;4448;120;0;TypeScript;87.35%
deepfakes/faceswap;55017;2999;363;5;3;Python;99.78%
starship/starship;54559;2530;3060;138;0;Rust;70.48%
lencx/ChatGPT;54376;1185;123;34;553;Rust;29.37%
marktext/marktext;54237;3035;944;36;2;JavaScript;55.10%
ElemeFE/element;54207;3471;3231;145;563;Vue;85.22%
karpathy/nanoGPT;54204;1164;45;0;113;Python;32.29%
go-gitea/gitea;54134;3412;18525;224;0;Go;83.03%
maybe-finance/maybe;54051;794;1073;28;224;Ruby;0.00%
ultralytics/ultralytics;54004;1271;4246;349;0;Python;98.95%
psf/requests;53860;5499;1619;14;0;Python;95.54%
necolas/normalize.css;53755;5420;56;0;631;CSS;90.91%
laurent22/joplin;53750;3335;5231;400;0;TypeScript;92.48%
facebookresearch/segment-anything;53581;1078;16;0;533;Jupyter Notebook;25.38%
wagoodman/dive;53491;2853;164;28;80;Go;54.96%
unslothai/unsloth;53430;827;775;23;2;Python;70.92%
romkatv/powerlevel10k;53213;2566;168;33;36;Shell;95.55%
microsoft/ai-agents-for-beginners;53185;463;317;0;0;Jupyter Notebook;100.00%
vuejs/core;53154;2824;3640;268;0;TypeScript;89.10%
ngosang/trackerslist;53100;3603;1;0;0;Unknown;98.43%
google/material-design-icons;52949;4166;50;16;0;Unknown;75.26%
mozilla/pdf.js;52930;5428;8473;83;0;JavaScript;95.86%
firstcontributions/first-contributions;52861;3454;94680;0;0;Unknown;97.29%
WerWolv/ImHex;52795;1942;725;82;2;C++;80.46%
Zie619/n8n-workflows;52552;296;34;1;22;Python;81.63%
JetBrains/kotlin;52427;5134;2136;284;0;Kotlin;0.00%
ionic-team/ionic-framework;52386;4580;6521;930;0;TypeScript;97.32%
cloudcommunity/Free-Certifications;52338;2044;115;0;227;Unknown;29.23%
sickcodes/Docker-OSX;52231;2101;109;0;115;Shell;42.14%
TryGhost/Ghost;51974;4689;15695;954;0;JavaScript;99.09%
typst/typst;51823;2354;2234;27;0;Rust;72.90%
2dust/v2rayNG;51752;2487;541;282;3;Kotlin;99.81%
PowerShell/PowerShell;51749;3704;8063;193;0;C#;91.11%
prettier/prettier;51732;3383;9665;134;0;JavaScript;83.29%
etcd-io/etcd;51617;4625;10228;272;0;Go;98.39%
termux/termux-app;51551;3787;177;95;7;Java;85.69%
xai-org/grok-1;51533;719;5;0;553;Python;0.00%
google/guava;51484;4298;1195;57;1;Java;83.01%
vsouza/awesome-ios;51465;4256;2240;0;157;Swift;99.19%
jekyll/jekyll;51426;6346;3197;112;6;Ruby;97.42%
coollabsio/coolify;51423;1865;2305;665;0;PHP;83.21%
Semantic-Org/Semantic-UI;51139;4714;356;154;463;JavaScript;84.51%
chinese-poetry/chinese-poetry;51029;3472;137;1;338;JavaScript;43.19%
DefinitelyTyped/DefinitelyTyped;51015;4899;52962;1;0;TypeScript;93.02%
agalwood/Motrix;50987;2635;192;21;603;JavaScript;44.09%
ethereum/go-ethereum;50893;4453;8781;228;0;Go;97.83%
justjavac/awesome-wechat-weapp;50580;3451;278;0;107;Unknown;0.00%
charlax/professional-programming;50480;3772;43;0;1;Python;100.00%
poteto/hiring-without-whiteboards;50470;3278;1309;0;7;JavaScript;0.00%
FlowiseAI/Flowise;50436;1071;1571;80;0;TypeScript;74.59%
dockur/windows;50239;782;518;119;0;Shell;89.82%
jgthms/bulma;50058;3694;646;22;4;CSS;87.60%
harry0703/MoneyPrinterTurbo;50016;725;145;9;82;Python;64.72%
jesseduffield/lazydocker;49993;2484;191;45;48;Go;51.39%
Avik-Jain/100-Days-Of-ML-Code;49766;2801;6;0;798;Unknown;0.00%
mastodon/mastodon;49710;3664;19161;327;0;Ruby;67.08%
cypress-io/cypress;49597;4020;8075;387;0;TypeScript;92.17%
NARKOZ/hacker-scripts;49432;3757;63;0;864;JavaScript;65.38%
odoo/odoo;49338;4314;6182;0;0;Python;81.06%
lyswhut/lx-music-desktop;49165;2396;88;112;18;TypeScript;54.14%
dkhamsing/open-source-ios-apps;49119;4056;1544;37;0;Unknown;100.00%
AlistGo/alist;49113;1898;905;143;0;Go;87.91%
jellyfin/jellyfin;49094;2644;5176;102;0;C#;92.27%
nlohmann/json;49038;4628;1007;45;1;C++;98.48%
dbeaver/dbeaver;48966;3789;6729;243;0;Java;84.18%
mem0ai/mem0;48895;990;1819;273;2;Python;67.10%
huginn/huginn;48818;4744;1056;1;10;Ruby;72.33%
TanStack/query;48711;2368;3200;1000;0;TypeScript;96.92%
ChrisTitusTech/winutil;48628;1408;1069;34;0;PowerShell;99.72%
iamkun/dayjs;48581;2887;715;125;3;JavaScript;47.51%
JuliaLang/julia;48536;5433;26888;195;0;Julia;85.12%
ReactiveX/RxJava;48490;4804;3377;243;0;Java;99.56%
algorithm-visualizer/algorithm-visualizer;48370;3582;183;0;635;JavaScript;61.79%
sansan0/TrendRadar;48122;312;1;0;5;Python;92.95%
pandas-dev/pandas;48068;5673;27967;118;0;Python;87.79%
moment/moment;48055;5484;714;0;568;JavaScript;93.98%
upstash/context7;47924;344;267;50;0;TypeScript;90.82%
hashicorp/terraform;47889;4375;13207;403;0;Go;91.81%
x64dbg/x64dbg;47832;3981;774;4;9;C++;78.56%
lllyasviel/Fooocus;47810;939;448;21;94;Python;86.42%
type-challenges/type-challenges;47777;2052;600;0;5;TypeScript;10.79%
expo/expo;47738;3489;20643;0;0;TypeScript;98.17%
serhii-londar/open-source-mac-os-apps;47711;3045;614;0;11;Unknown;95.89%
kelseyhightower/kubernetes-the-hard-way;47653;3529;73;0;330;Unknown;94.98%
kamranahmedse/design-patterns-for-humans;47606;3304;50;0;459;Unknown;90.38%
minimaxir/big-list-of-naughty-strings;47605;3862;89;0;687;Python;31.68%
bigskysoftware/htmx;47557;2152;1049;27;1;JavaScript;63.91%
gogs/gogs;47549;4405;1869;96;1;Go;82.21%
skylot/jadx;47531;4735;621;34;1;Java;79.76%
karan/Projects;47451;4628;19;0;568;Unknown;40.22%
run-llama/llama_index;47416;1220;7642;425;0;Python;96.87%
freqtrade/freqtrade;47400;3214;6325;110;0;Python;99.46%
ggml-org/whisper.cpp;47275;1257;932;31;1;C++;46.63%
akullpp/awesome-java;47218;4258;733;0;27;Unknown;97.84%
1c7/chinese-independent-developer;47016;3088;412;0;0;Unknown;99.18%
typescript-cheatsheets/react;46983;2834;375;0;21;JavaScript;100.00%
brillout/awesome-react-components;46965;3541;343;0;38;Unknown;80.36%
jakevdp/PythonDataScienceHandbook;46958;3495;28;0;617;Jupyter Notebook;37.98%
serverless/serverless;46945;3972;4849;480;1;JavaScript;83.07%
v2ray/v2ray-core;46927;3836;203;247;151;Go;99.88%
slab/quill;46920;4966;382;95;224;TypeScript;85.55%
square/okhttp;46914;4974;3965;0;1;Kotlin;98.45%
Homebrew/brew;46861;3652;13799;473;0;Ruby;99.84%
pixijs/pixijs;46691;4791;3808;303;0;TypeScript;95.54%
GokuMohandas/Made-With-ML;46635;2678;147;1;1;Jupyter Notebook;76.62%
discourse/discourse;46507;4801;33410;0;0;Ruby;0.00%
tw93/Pake;46470;1239;110;41;2;Rust;99.79%
OpenCut-app/OpenCut;46392;257;187;2;1;TypeScript;34.14%
metabase/metabase;46316;4049;39495;733;0;Clojure;85.00%
DovAmir/awesome-design-patterns;46292;2831;30;0;496;Unknown;31.25%
makeplane/plane;46274;1203;6278;54;0;TypeScript;61.79%
virattt/ai-hedge-fund;46232;461;40;0;31;Python;88.26%
ClickHouse/ClickHouse;46209;3564;59114;746;0;C++;83.40%
ziishaned/learn-regex;46161;3149;132;0;192;Unknown;41.38%
oobabooga/text-generation-webui;46155;1171;1235;92;0;Python;35.51%
Asabeneh/30-Days-Of-JavaScript;46155;2265;100;0;90;JavaScript;33.71%
dypsilon/frontend-dev-bookmarks;46135;4640;129;1;654;Unknown;75.23%
astral-sh/ruff;46135;1304;13614;402;0;Rust;78.97%
acmesh-official/acme.sh;45862;3723;1511;46;2;Shell;67.99%
microsoft/AI-For-Beginners;45861;1828;289;0;1;Jupyter Notebook;99.33%
microsoft/monaco-editor;45680;3558;558;187;0;JavaScript;81.42%
tldraw/tldraw;45664;1762;4428;101;0;TypeScript;87.14%
android/architecture-samples;45596;3682;232;0;2;Kotlin;71.08%
ghostty-org/ghostty;45569;1437;3608;1;0;Zig;93.70%
GitHubDaily/GitHubDaily;45476;2623;3;0;64;Unknown;25.42%
prisma/prisma;45457;2451;6747;242;0;TypeScript;79.80%
LeCoupa/awesome-cheatsheets;45448;3039;171;0;14;JavaScript;59.00%
jeecgboot/JeecgBoot;45345;2657;126;68;1;Java;99.57%
ColorlibHQ/AdminLTE;45317;4454;1565;77;1;CSS;95.25%
jestjs/jest;45315;4469;5774;213;0;TypeScript;97.49%
crewAIInc/crewAI;45288;861;1393;141;0;Python;95.75%
coreybutler/nvm-windows;45255;4184;107;23;7;Go;92.21%
google/zx;45249;1766;603;100;3;JavaScript;96.28%
NanmiCoder/MediaCrawler;44943;1001;132;0;2;Python;76.72%
bevyengine/bevy;44906;2238;7485;53;0;Rust;66.77%
RocketChat/Rocket.Chat;44830;3944;15684;1000;0;TypeScript;86.20%
isocpp/CppCoreGuidelines;44815;3851;825;4;0;CSS;80.49%
meteor/meteor;44779;5160;2664;0;0;JavaScript;97.44%
KRTirtho/spotube;44765;1846;257;43;10;Dart;64.40%
coqui-ai/TTS;44731;2115;467;98;567;Python;99.67%
vercel/hyper;44700;3535;3291;88;569;TypeScript;75.22%
slidevjs/slidev;44657;1777;804;419;3;TypeScript;87.95%
penpot/penpot;44607;3719;5511;69;1;Clojure;74.82%
Leaflet/Leaflet;44598;5643;3237;34;4;JavaScript;92.53%
karpathy/nanochat;44594;144;73;0;1;Python;86.44%
gedoor/legado;44585;2480;1139;115;2;Kotlin;99.19%
react-hook-form/react-hook-form;44561;2557;2141;600;6;TypeScript;98.27%
apache/airflow;44515;3979;34196;114;0;Python;90.36%
grpc/grpc;44444;4105;20513;364;0;C++;94.17%
GitSquared/edex-ui;44384;3324;399;29;1598;JavaScript;98.93%
pyenv/pyenv;44367;4935;1039;150;2;Shell;97.29%
sudheerj/reactjs-interview-questions;44323;2835;170;0;9;JavaScript;96.46%
docker/awesome-compose;44253;2213;149;0;1;HTML;30.71%
astaxie/build-web-application-with-golang;44159;4964;757;0;663;Go;59.80%
parcel-bundler/parcel;44048;3132;2600;52;1;JavaScript;91.51%
NaiboWang/EasySpider;44027;2057;44;10;8;JavaScript;65.39%
iina/iina;43980;3364;882;47;1;Swift;57.27%
streamich/react-use;43947;2687;1533;256;45;TypeScript;40.23%
lukasz-madon/awesome-remote-job;43920;4081;593;0;53;Unknown;84.27%
square/retrofit;43902;5659;1343;4;0;HTML;95.41%
babel/babel;43893;4177;6546;452;0;TypeScript;93.46%
yangshun/front-end-interview-handbook;43871;2973;350;0;3;MDX;89.22%
aymericdamien/TensorFlow-Examples;43800;3768;88;0;587;Jupyter Notebook;29.83%
streamlit/streamlit;43765;2386;6862;116;0;Python;80.49%
upscayl/upscayl;43758;1314;0;29;48;TypeScript;94.78%
SimplifyJobs/Summer2026-Internships;43678;2112;1674;0;0;Python;99.99%
AykutSarac/jsoncrack.com;43410;1495;89;22;14;TypeScript;87.54%
FuelLabs/fuels-rs;43400;1586;908;120;14;Rust;92.46%
spf13/cobra;43399;4566;626;27;86;Go;80.53%
FuelLabs/fuels-ts;43354;1644;1979;156;32;TypeScript;96.09%
mudler/LocalAI;43334;1083;4939;97;0;Go;90.77%
zhongyang219/TrafficMonitor;43308;3141;67;26;22;C++;36.89%
getsentry/sentry;43285;5666;81877;163;0;Python;88.74%
helix-editor/helix;43255;2104;4613;30;1;Rust;82.42%
milvus-io/milvus;43168;2363;24836;153;0;Go;94.43%
Unitech/pm2;42973;4672;558;134;25;JavaScript;80.17%
9001/copyparty;42969;2475;169;336;2;Python;75.18%
cli/cli;42935;2345;2815;189;0;Go;84.40%
apache/spark;42934;4392;9;0;0;Scala;21.43%
Light-City/CPlusPlusThings;42929;2427;72;0;630;C++;94.78%
Kong/kong;42891;4126;6501;145;3;Lua;98.74%
ziglang/zig;42831;3865;9540;21;99;Zig;75.37%
alex/what-happens-when;42777;4502;108;0;564;Unknown;18.24%
faif/python-patterns;42776;5020;289;0;21;Python;88.66%
tmux/tmux;42642;3928;2;39;0;C;99.10%
mitmproxy/mitmproxy;42542;5862;2730;79;4;Python;89.98%
k88hudson/git-flight-rules;42482;4244;226;0;130;Unknown;78.08%
bannedbook/fanqiang;42472;4069;3;3;27;Kotlin;59.73%
jgm/pandoc;42420;5829;1760;153;0;Haskell;88.17%
DIYgod/RSSHub;42416;2895;12107;0;0;TypeScript;94.32%
hiroi-sora/Umi-OCR;42408;1439;58;31;105;Python;61.55%
Alamofire/Alamofire;42355;4236;664;104;22;Swift;98.83%
files-community/Files;42276;2617;5511;131;0;C#;95.43%
exo-explore/exo;42133;619;607;13;0;Python;85.77%
apachecn/ailearning;42088;3296;478;2;478;Python;97.41%
colinhacks/zod;42055;2189;975;201;19;TypeScript;94.49%
mingrammer/diagrams;42054;2223;341;46;27;Python;41.56%
sharkdp/fd;41943;3222;708;41;4;Rust;85.91%
zhayujie/chatgpt-on-wechat;41942;1307;286;66;0;Python;84.78%
gradio-app/gradio;41940;2634;5357;1000;0;Python;93.18%
fastapi/full-stack-fastapi-template;41883;2567;621;12;4;TypeScript;100.00%
nolimits4web/swiper;41799;5104;619;94;10;JavaScript;95.97%
deepspeedai/DeepSpeed;41755;2233;2946;107;0;Python;65.17%
apache/dubbo;41701;5008;6023;113;3;Java;89.07%
siyuan-note/siyuan;41699;2014;685;878;0;TypeScript;97.96%
byoungd/English-level-up-tips;41626;3202;26;0;70;Unknown;73.58%
ray-project/ray;41617;3418;30085;122;0;Python;86.98%
nwjs/nw.js;41565;5175;576;0;1;JavaScript;87.21%
Aider-AI/aider;41563;1031;284;93;2;Python;70.65%
yarnpkg/yarn;41532;3698;1655;153;0;JavaScript;71.66%
usebruno/bruno;41454;1255;2059;160;0;JavaScript;62.27%
dcloudio/uni-app;41447;2794;555;0;0;JavaScript;86.77%
psf/black;41420;2913;1727;51;0;Python;89.41%
logseq/logseq;41404;2113;3133;152;0;Clojure;88.15%
dylanaraps/pure-bash-bible;41401;2823;28;0;829;Shell;42.86%
hpcaitech/ColossalAI;41365;1589;3705;50;3;Python;74.61%
ComposioHQ/awesome-claude-skills;41354;140;20;0;15;Python;5.36%
hexojs/hexo;41280;4911;975;117;2;TypeScript;98.12%
zai-org/ChatGLM-6B;41225;1089;49;0;617;Python;57.24%
ccxt/ccxt;41217;3217;14193;216;0;Python;92.94%
karanpratapsingh/system-design;41175;1298;12;0;81;Unknown;91.30%
bailicangdu/vue2-elm;41164;3360;21;0;329;Vue;81.14%
fastlane/fastlane;41128;4111;6343;560;1;Ruby;94.96%
curl/curl;41074;5831;203;94;0;C;99.76%
juspay/hyperswitch;41055;1236;6530;152;0;Rust;72.75%
chubin/cheat.sh;41053;3224;129;0;72;Python;50.94%
styled-components/styled-components;41027;3489;995;189;14;TypeScript;89.65%
payloadcms/payload;41019;1885;6752;559;0;TypeScript;93.77%
vuetifyjs/vuetify;40978;3462;4661;641;0;TypeScript;96.85%
CherryHQ/cherry-studio;40883;651;3021;246;0;TypeScript;94.48%
janhq/jan;40865;932;3431;97;0;TypeScript;92.79%
tabler/tabler;40819;2955;787;51;7;HTML;92.43%
Raphire/Win11Debloat;40691;1955;58;23;0;PowerShell;87.76%
LC044/WeChatMsg;40600;1150;62;0;66;Unknown;0.00%
jingyaogong/minimind;40553;587;9;2;28;Python;95.64%
zen-browser/desktop;40491;708;784;155;0;JavaScript;94.20%
bradtraversy/50projects50days;40471;1936;44;0;373;CSS;0.00%
calcom/cal.com;40471;1810;12905;611;0;TypeScript;89.17%
DataExpert-io/data-engineer-handbook;40423;837;177;0;7;Jupyter Notebook;84.52%
saadeghi/daisyui;40417;1923;524;184;5;Svelte;98.58%
chakra-ui/chakra-ui;40351;2393;2927;1000;0;TypeScript;99.88%
QSCTech/zju-icicles;40310;3537;232;0;45;HTML;88.46%
charmbracelet/bubbletea;40310;2246;673;72;3;Go;76.77%
twentyhq/twenty;40257;1191;10136;59;0;TypeScript;96.67%
zbezj/HEU_KMS_Activator;40207;2448;0;49;115;Unknown;15.98%
aria2/aria2;40205;5578;254;24;102;C++;43.16%
wg/wrk;40113;5099;0;0;797;C;64.37%
remoteintech/remote-jobs;40057;3797;1374;0;0;Nunjucks;97.03%
php/php-src;39985;5377;4789;42;0;C;80.85%
vim/vim;39960;3852;440;0;0;Vim Script;83.21%
google-research/bert;39892;2688;32;0;590;Python;31.00%
pingcap/tidb;39872;3834;34631;213;0;Go;80.11%
evanw/esbuild;39820;3551;257;309;28;Go;85.87%
HeyPuter/puter;39818;733;1321;8;0;JavaScript;83.73%
trpc/trpc;39677;2057;3851;231;0;TypeScript;88.95%
go-gorm/gorm;39653;4515;775;11;0;Go;92.03%
freefq/free;39648;2098;0;0;563;Unknown;31.77%
danielmiessler/Fabric;39529;792;599;382;0;Go;97.49%
videojs/video.js;39516;5774;1819;334;22;JavaScript;88.94%
floodsung/Deep-Learning-Papers-Reading-Roadmap;39481;3430;28;0;1195;Python;8.77%
lm-sys/FastChat;39421;1083;852;14;276;Python;55.40%
photoprism/photoprism;39420;2960;881;80;0;Go;83.23%
bmad-code-org/BMAD-METHOD;39351;326;374;24;1;JavaScript;90.44%
gofiber/fiber;39338;2241;2115;135;0;Go;97.79%
appsmithorg/appsmith;39336;2075;14089;302;0;TypeScript;81.41%
facebookresearch/faiss;39281;3313;137;24;0;C++;91.67%
goabstract/Awesome-Design-Tools;39192;2579;283;0;585;JavaScript;53.06%
phaserjs/phaser;39129;4711;1734;173;0;JavaScript;98.07%
Dogfalo/materialize;39126;4192;449;41;208;JavaScript;88.07%
google/styleguide;39068;3942;197;0;112;HTML;67.22%
koalaman/shellcheck;39059;4857;331;30;7;Haskell;59.73%
suno-ai/bark;39039;1063;19;0;564;Jupyter Notebook;50.73%
imputnet/cobalt;39015;1336;249;0;40;Svelte;80.46%
QuivrHQ/quivr;38972;1028;1824;354;240;Python;99.74%
DataTalksClub/data-engineering-zoomcamp;38895;1597;454;0;0;Jupyter Notebook;98.58%
google/leveldb;38875;4208;64;21;399;C++;68.53%
2noise/ChatTTS;38871;647;220;6;47;Python;91.37%
chatboxai/chatbox;38798;1096;0;52;20;TypeScript;60.14%
mifi/lossless-cut;38789;3414;223;105;4;TypeScript;86.75%
remotion-dev/remotion;38728;2081;4199;596;0;TypeScript;96.93%
novuhq/novu;38648;1652;6879;108;0;TypeScript;92.57%
mindsdb/mindsdb;38644;2772;5782;337;0;Python;98.34%
nushell/nushell;38637;2491;8457;117;0;Rust;79.16%
freeCodeCamp/devdocs;38584;4515;982;0;0;Ruby;84.32%
impress/impress.js;38517;5181;124;15;40;JavaScript;89.44%
agno-agi/agno;38479;1401;2902;172;0;Python;86.16%
tw93/Mole;38455;164;123;28;0;Shell;100.00%
preactjs/preact;38453;3829;1993;240;1;JavaScript;96.89%
microsoft/qlib;38310;2030;750;23;22;Python;73.06%
google/googletest;38303;3873;813;11;0;C++;84.14%
PatrickJS/awesome-cursorrules;38282;535;70;0;132;MDX;15.69%
gto76/python-cheatsheet;38271;2962;0;0;2;Python;100.00%
PhilJay/MPAndroidChart;38227;4333;191;44;274;Java;58.37%
lapce/lapce;38110;2950;1177;35;1;Rust;59.67%
istio/istio;38079;3394;29471;423;0;Go;98.06%
BerriAI/litellm;38049;953;9745;1000;0;Python;91.20%
halo-dev/halo;38040;2907;2955;250;0;Java;94.87%
Kong/insomnia;38008;3604;3752;547;0;TypeScript;81.77%
ant-design/ant-design-pro;37985;3115;1025;26;1;TypeScript;98.21%
naptha/tesseract.js;37898;3908;204;57;6;JavaScript;95.78%
nextlevelbuilder/ui-ux-pro-max-skill;37774;96;60;14;4;Python;39.71%
dotnet/aspnetcore;37767;4378;18604;275;0;C#;90.81%
denysdovhan/wtfjs;37737;3156;125;25;353;JavaScript;81.36%
rapid7/metasploit-framework;37662;5302;11661;0;0;Ruby;92.61%
httpie/cli;37645;5123;406;47;443;Python;79.45%
FreeCodeCampChina/freecodecamp.cn;37639;3444;55;0;963;CSS;75.81%
pola-rs/polars;37636;2122;12726;248;0;Rust;79.75%
huihut/interview;37559;2947;36;0;194;C++;98.48%
ToolJet/ToolJet;37549;1802;7743;452;0;JavaScript;88.05%
RSSNext/Folo;37522;697;1432;93;1;TypeScript;85.11%
code-yeongyu/oh-my-opencode;37517;93;635;147;0;TypeScript;80.89%
vlang/v;37477;2583;13080;302;0;V;89.17%
outline/outline;37460;3574;4171;157;0;TypeScript;99.00%
LAION-AI/Open-Assistant;37443;1179;1616;127;566;Python;86.21%
TeamNewPipe/NewPipe;37430;3836;1795;140;4;Java;86.90%
chatchat-space/Langchain-Chatchat;37422;1071;621;31;116;Python;99.83%
google-research/google-research;37403;2709;29;0;1;Jupyter Notebook;24.17%
TencentARC/GFPGAN;37392;1813;14;8;587;Python;26.52%
CorentinTh/it-tools;37376;2161;493;10;1;Vue;32.44%
eugenp/tutorials;37351;4693;13718;0;1;Java;97.72%
NervJS/taro;37333;2889;3465;207;0;TypeScript;87.67%
vnpy/vnpy;37301;4022;1063;66;50;Python;99.45%
kilimchoi/engineering-blogs;37272;3918;681;0;562;Ruby;77.32%
spacedriveapp/spacedrive;37245;1621;1957;28;27;Rust;97.74%
llvm/llvm-project;37243;3376;75468;149;0;LLVM;69.68%
exacity/deeplearningbook-chinese;37205;3376;16;7;2285;TeX;68.47%
0voice/interview_internal_reference;37196;2461;35;0;135;Python;36.54%
paperless-ngx/paperless-ngx;37172;1482;2999;143;0;Python;100.00%
docker/compose;37135;4470;3755;275;0;Go;99.46%
alibaba/arthas;37126;2745;582;68;1;Java;82.35%
openai/gym;37078;3599;999;19;510;Python;93.86%
ManimCommunity/manim;37063;2117;2041;33;2;Python;78.42%
huiyadanli/RevokeMsgPatcher;37040;2419;12;21;33;C#;95.17%
satwikkansal/wtfpython;36911;3111;113;2;51;Python;70.54%
AobingJava/JavaFamily;36901;2306;2;0;123;Unknown;90.91%
babysor/MockingBird;36878;1672;82;1;2;Python;46.52%
inkonchain/docs;36829;667;407;0;2;MDX;35.14%
drawdb-io/drawdb;36829;963;349;0;5;JavaScript;63.50%
exelban/stats;36825;2472;433;321;0;Swift;99.10%
PKUanonym/REKCARC-TSC-UHT;36784;2527;175;0;46;HTML;94.12%
inkonchain/node;36780;661;36;6;108;Shell;50.00%
sqlmapproject/sqlmap;36767;5001;180;11;8;Python;99.26%
portainer/portainer;36761;3577;4784;176;0;TypeScript;88.59%
inkonchain/ink-kit;36685;486;91;0;136;TypeScript;60.00%
shadowsocks/shadowsocks-android;36684;4828;258;186;16;Kotlin;97.85%
roboflow/supervision;36645;1194;1120;35;3;Python;83.37%
markedjs/marked;36631;5339;1642;166;1;TypeScript;99.46%
alebcay/awesome-shell;36600;4260;307;0;190;Unknown;35.94%
open-guides/og-aws;36595;3522;498;0;567;Shell;38.60%
gkd-kit/gkd;36574;976;9;64;0;Kotlin;98.64%
date-fns/date-fns;36499;4169;1068;122;179;TypeScript;67.81%
duckdb/duckdb;36466;2809;9610;56;0;C++;91.83%
huggingface/pytorch-image-models;36451;2589;523;75;0;Python;95.32%
chatanywhere/GPT_API_free;36428;1048;1;0;54;Python;87.11%
karpathy/LLM101n;36423;648;0;0;582;Unknown;0.00%
DavidHDev/react-bits;36404;577;155;0;5;JavaScript;98.74%
fengdu78/Coursera-ML-AndrewNg-Notes;36402;3044;14;0;193;HTML;21.74%
typeorm/typeorm;36365;3658;2393;40;0;TypeScript;95.06%
666ghj/BettaFish;36261;613;105;6;1;Python;95.17%
SheetJS/sheetjs;36204;4840;106;0;687;Unknown;95.01%
hankcs/HanLP;36172;4166;79;62;110;Python;99.44%
slatedocs/slate;36158;4556;298;28;33;Unknown;91.79%
juanfont/headscale;36154;2084;1233;132;0;Go;93.77%
formulahendry/955.WLB;36141;2535;18;0;396;Unknown;30.80%
lerna/lerna;36089;3745;1021;249;1;TypeScript;85.89%
myshell-ai/OpenVoice;36044;828;18;0;320;Python;20.98%
geekxh/hello-algorithm;36016;2107;26;0;997;Java;75.00%
XingangPan/DragGAN;35972;1023;18;0;656;Python;23.96%
carbon-app/carbon;35966;3185;669;215;24;JavaScript;90.87%
aseprite/aseprite;35958;4216;482;123;1;C++;58.90%
servo/servo;35897;5139;23086;5;0;Rust;81.06%
opentofu/manifesto;35890;935;765;0;352;HTML;53.85%
qbittorrent/qBittorrent;35826;5144;4122;0;0;C++;85.79%
deepseek-ai/awesome-deepseek-integration;35803;785;289;0;10;Unknown;98.72%
ShareX/ShareX;35786;4531;774;85;0;C#;92.11%
reworkd/AgentGPT;35774;1064;541;12;311;TypeScript;71.86%
fastify/fastify;35755;3445;3264;308;0;JavaScript;96.46%
koajs/koa;35739;4611;541;16;6;JavaScript;98.07%
doocs/leetcode;35728;2728;4462;21;0;Java;100.00%
mattermost/mattermost;35687;3917;20546;936;0;TypeScript;94.15%
YunaiV/ruoyi-vue-pro;35672;1867;73;54;20;Java;99.60%
XTLS/Xray-core;35622;1943;1205;106;0;Go;99.06%
jondot/awesome-react-native;35620;3997;912;0;609;JavaScript;49.33%
jaywcjlove/linux-command;35618;3400;370;32;0;Markdown;63.64%
veggiemonk/awesome-docker;35600;4183;991;1;6;Makefile;95.77%
airbnb/lottie-android;35592;3437;720;63;18;Java;97.33%
amruthpillai/reactive-resume;35588;2172;730;110;0;TypeScript;97.40%
junegunn/vim-plug;35579;4559;179;8;15;Vim Script;93.37%
umami-software/umami;35545;2058;871;106;0;TypeScript;95.37%
xyflow/xyflow;35511;2426;1468;369;0;TypeScript;96.11%
alvarotrigo/fullPage.js;35489;4550;327;109;2;JavaScript;97.37%
ueberdosis/tiptap;35477;2754;1506;951;0;TypeScript;77.01%
vadimdemedes/ink;35397;3189;290;72;2;TypeScript;96.33%
nativefier/nativefier;35355;3897;261;99;889;TypeScript;79.39%
solidjs/solid;35298;2872;395;36;1;TypeScript;91.27%
sahat/hackathon-starter;35211;4495;451;18;0;JavaScript;99.86%
hashicorp/vault;35166;4027;21325;176;0;Go;81.32%
unknwon/the-way-to-go_ZH_CN;35162;4729;592;0;569;Go;0.00%
DioxusLabs/dioxus;35138;1876;1969;33;4;Rust;75.77%
bumptech/glide;35034;4623;605;54;8;Java;87.12%
jax-ml/jax;35009;2688;17794;134;0;Python;75.50%
LizardByte/Sunshine;34984;1541;1724;45;0;C++;93.50%
geekan/HowToLiveLonger;34963;1420;14;0;291;Unknown;73.57%
pbatard/rufus;34960;5220;1;88;2;C;99.66%
zsh-users/zsh-autosuggestions;34947;4513;116;0;254;Shell;73.87%
sorrycc/awesome-javascript;34921;4265;404;0;60;Unknown;95.70%
TriliumNext/Trilium;34911;3209;1814;348;0;TypeScript;83.38%
netty/netty;34842;5596;5065;0;0;Java;91.71%
typicode/husky;34838;4274;262;80;27;JavaScript;92.88%
geekcomputers/Python;34789;5210;2016;0;6;Python;30.00%
fxsjy/jieba;34778;4906;96;9;562;Python;26.43%
BVLC/caffe;34775;4557;1087;14;582;C++;81.30%
RVC-Project/Retrieval-based-Voice-Conversion-WebUI;34685;1075;477;7;466;Python;65.90%
mouredev/Hello-Python;34682;1310;0;0;207;Python;95.06%
ryanhanwu/How-To-Ask-Questions-The-Smart-Way;34661;3995;98;0;428;JavaScript;66.67%
Textualize/textual;34650;1792;2283;212;2;Python;91.67%
alan2207/bulletproof-react;34571;1741;70;0;173;TypeScript;65.81%
laravel/framework;34557;4802;17566;911;0;PHP;99.73%
xinntao/Real-ESRGAN;34532;1691;21;10;577;Python;23.14%
kuchin/awesome-cto;34448;3366;18;0;4;Unknown;100.00%
danny-avila/LibreChat;34396;1118;2904;80;0;TypeScript;94.31%
directus/directus;34392;4832;8545;357;0;TypeScript;96.41%
jaredpalmer/formik;34386;3186;836;200;115;TypeScript;68.87%
google/langextract;34364;240;78;12;8;Python;51.11%
hyprwm/Hyprland;34353;1450;2277;107;0;C++;99.21%
xitu/gold-miner;34344;3775;3563;0;688;Unknown;99.80%
nodejs/node-v0.x-archive;34341;6126;218;0;567;Unknown;100.00%
ashishps1/awesome-system-design-resources;34339;863;3;0;17;Java;86.67%
mpv-player/mpv;34329;4892;3783;88;0;C;91.00%
schollz/croc;34309;3061;283;180;1;Go;99.64%
python-poetry/poetry;34306;2927;2425;147;3;Python;91.96%
anthropics/claude-cookbooks;34295;933;147;0;1;Jupyter Notebook;93.18%
nextcloud/server;34259;3564;30967;405;0;PHP;88.10%
pnpm/pnpm;34241;3690;3023;1000;0;TypeScript;61.50%
chenfei-wu/TaskMatrix;34238;1100;21;0;790;Python;38.10%
gchq/CyberChef;34221;3385;556;451;0;JavaScript;60.13%
testerSunshine/12306;34187;3215;31;1;1069;Python;67.54%
refinedev/refine;34182;1871;4653;1000;0;TypeScript;99.36%
zenorocha/clipboard.js;34178;3821;117;42;21;JavaScript;98.25%
facebookresearch/detectron2;34172;2373;0;10;108;Python;86.83%
microsoft/Data-Science-For-Beginners;34138;1828;452;0;1;Jupyter Notebook;99.26%
xkcoding/spring-boot-demo;34103;3038;15;0;590;Java;42.20%
SeleniumHQ/selenium;34085;4798;3649;114;0;Java;98.93%
TheAlgorithms/JavaScript;34081;3158;798;0;183;JavaScript;90.58%
1Panel-dev/1Panel;34050;1325;4720;110;0;Go;93.51%
ajeetdsouza/zoxide;34049;2192;247;37;1;Rust;83.59%
atlassian/react-beautiful-dnd;34048;3131;531;68;200;JavaScript;64.67%
anoma/anoma;34031;1858;897;12;12;Elixir;88.36%
google-ai-edge/mediapipe;34017;2457;201;64;1;C++;92.27%
qishibo/AnotherRedisDesktopManager;34003;2614;152;53;141;JavaScript;85.09%
ehang-io/nps;33937;2679;74;59;645;Go;57.84%
TheAlgorithms/C-Plus-Plus;33904;3520;705;0;145;C++;97.58%
zxing/zxing;33876;5259;345;32;29;Java;99.70%
harness/harness;33858;4410;1053;55;0;Go;96.03%
asgeirtj/system_prompts_leaks;33858;307;20;0;0;HTML;0.00%
GorvGoyl/Clone-Wars;33852;1920;130;0;577;Unknown;80.46%
CMU-Perceptual-Computing-Lab/openpose;33831;3238;174;15;580;C++;83.06%
halfrost/LeetCode-Go;33816;3153;178;4;450;Go;78.05%
Pythagora-io/gpt-pilot;33810;933;396;0;116;Python;56.78%
jqlang/jq;33808;4978;682;15;0;C;84.58%
alibaba/easyexcel;33760;2950;190;14;493;Java;86.49%
Blankj/AndroidUtilCode;33710;3505;88;117;568;Java;80.44%
lllyasviel/ControlNet;33695;1129;5;0;740;Python;24.04%
AFNetworking/AFNetworking;33689;5392;710;40;1143;Objective-C;0.00%
filebrowser/filebrowser;33673;3828;767;129;0;Go;99.10%
ZuodaoTech/everyone-can-use-english;33665;2547;462;48;31;TypeScript;80.00%
carbon-language/carbon-lang;33635;2138;5034;607;0;C++;77.71%
shadowsocks/shadowsocks;33628;5068;70;2;704;Python;0.00%
sxyazi/yazi;33519;972;1130;30;0;Rust;97.23%
XX-net/XX-Net;33449;4068;363;390;13;Python;40.61%
lib-pku/libpku;33359;2661;22;0;1521;TeX;74.42%
v2fly/v2ray-core;33344;2517;978;121;5;Go;97.77%
IceWhaleTech/CasaOS;33336;1622;275;97;212;Go;53.52%
explosion/spaCy;33284;4263;3598;133;3;Python;97.27%
swc-project/swc;33280;2996;5894;780;0;Rust;90.88%
bayandin/awesome-awesomeness;33275;4259;197;0;641;Ruby;74.29%
balena-io/etcher;33231;3782;1731;289;220;TypeScript;75.17%
pcottle/learnGitBranching;33194;4952;650;0;0;JavaScript;90.02%
khoj-ai/khoj;33190;1663;488;170;0;Python;85.59%
keycloak/keycloak;33171;4630;19266;102;0;Java;87.17%
thedotmack/claude-mem;33140;186;211;209;0;TypeScript;93.69%
drizzle-team/drizzle-orm;33137;1716;660;170;0;TypeScript;64.66%
bilibili/ijkplayer;33126;4659;35;0;570;C;47.31%
utmapp/UTM;33125;2519;277;128;6;Swift;72.80%
awesome-foss/awesome-sysadmin;33117;4091;342;0;2;Unknown;85.71%
adobe/brackets;33106;5202;4332;69;1363;JavaScript;72.97%
immutable-js/immutable-js;33096;4265;622;93;0;TypeScript;92.50%
mckaywrigley/chatbot-ui;33078;1090;281;0;580;TypeScript;81.62%
gulpjs/gulp;33008;4628;412;24;25;JavaScript;98.45%
wailsapp/wails;33006;2637;1690;292;0;Go;90.13%
TabbyML/tabby;32987;1086;3001;249;3;Rust;75.98%
aquasecurity/trivy;32982;2521;3498;85;0;Go;94.52%
derailed/k9s;32980;2596;963;257;1;Go;91.51%
SerenityOS/serenity;32967;2650;19926;0;0;C++;83.21%
huggingface/diffusers;32946;1375;5521;89;0;Python;88.48%
AdguardTeam/AdGuardHome;32932;3530;125;229;0;Go;79.36%
GyulyVGC/sniffnet;32911;1313;480;16;0;Rust;85.08%
shadowsocks/ShadowsocksX-NG;32905;3556;64;30;493;Swift;77.28%
certbot/certbot;32886;4132;4078;68;0;Python;97.61%
firecracker-microvm/firecracker;32856;3060;3428;84;0;Rust;96.63%
ocrmypdf/OCRmyPDF;32853;4459;169;52;4;Python;89.64%
nothings/stb;32840;4302;291;0;1;C;76.50%
fish-shell/fish-shell;32816;5048;2192;62;3;Rust;93.86%
ibraheemdev/modern-unix;32807;1879;15;0;541;Unknown;35.71%
zeromicro/go-zero;32762;2036;2435;149;1;Go;91.41%
chen08209/FlClash;32754;934;2;102;1;Dart;62.14%
backstage/backstage;32748;2232;20365;496;0;TypeScript;95.96%
openai/CLIP;32713;1906;29;0;16;Jupyter Notebook;43.44%
google/comprehensive-rust;32695;1170;2402;0;0;Rust;66.85%
alibaba/nacos;32692;2821;3339;88;0;Java;97.81%
anthropics/prompt-eng-interactive-tutorial;32683;702;1;0;4;Jupyter Notebook;11.43%
mli/paper-reading;32640;1596;15;0;349;Unknown;0.00%
qier222/YesPlayMusic;32629;1974;292;32;47;Vue;65.43%
binarywang/WxJava;32604;3712;1184;31;0;Java;99.72%
MonitorControl/MonitorControl;32592;3092;220;26;25;Swift;98.42%
stanfordnlp/dspy;32583;1151;1469;106;0;Python;81.68%
lutzroeder/netron;32531;5549;1;4;0;JavaScript;98.64%
restic/restic;32528;4331;2318;49;5;Go;84.67%
block/goose;32524;559;4289;122;0;Rust;83.81%
remix-run/remix;32475;1956;3662;357;0;TypeScript;98.70%
floating-ui/floating-ui;32469;3628;1209;506;3;TypeScript;97.77%
yewstack/yew;32456;3002;1882;38;0;Rust;92.43%
open-mmlab/mmdetection;32442;2753;2358;53;562;Python;79.23%
beego/beego;32428;5119;1326;42;4;Go;99.94%
ziadoz/awesome-php;32406;4483;457;0;9;Unknown;98.71%
cursor/cursor;32386;1090;47;0;34;Unknown;0.00%
glanceapp/glance;32377;677;110;33;86;Go;57.91%
k3s-io/k3s;32362;2836;4461;957;0;Go;98.64%
vercel/swr;32329;2320;816;126;6;TypeScript;85.41%
lizongying/my-tv;32248;823;11;72;624;C;84.36%
medusajs/medusa;32244;2239;8409;146;0;TypeScript;98.11%
google/material-design-lite;32216;4068;655;14;360;HTML;82.30%
0xAX/linux-insides;32214;4079;619;0;4;Python;87.96%
datalab-to/marker;32212;857;228;71;1;Python;49.77%
labstack/echo;32211;4022;629;116;10;Go;96.78%
yunjey/pytorch-tutorial;32210;3283;28;0;934;Python;63.33%
Lissy93/web-check;32203;985;53;1;33;TypeScript;47.79%
KeygraphHQ/shannon;32193;160;58;0;0;TypeScript;88.31%
facebookresearch/fairseq;32179;3110;236;16;157;Python;71.83%
The-Run-Philosophy-Organization/run;32142;1426;172;0;583;Unknown;82.76%
linera-io/linera-protocol;32136;1538;3550;31;0;Rust;62.53%
koala73/worldmonitor;32121;56;702;43;0;TypeScript;68.87%
apache/kafka;32116;5316;12777;0;0;Java;0.00%
frappe/erpnext;32093;5385;28725;1000;0;Python;89.00%
PDFMathTranslate/PDFMathTranslate;32072;546;136;24;101;Python;85.41%
ashishpatel26/500-AI-Machine-learning-Deep-learning-Computer-vision-NLP-Projects-with-code;32056;1889;3;0;217;Unknown;35.14%
cockroachdb/cockroach;31995;4411;72820;0;0;Go;91.83%
NginxProxyManager/nginx-proxy-manager;31984;2997;683;86;0;TypeScript;73.46%
lovell/sharp;31981;4581;311;107;2;JavaScript;97.07%
linexjlin/GPTs;31978;846;45;0;525;Unknown;67.74%
nicolargo/glances;31954;5206;772;55;1;Python;93.94%
hasura/graphql-engine;31913;2818;2110;300;0;TypeScript;64.99%
PostHog/posthog;31908;2233;34644;84;0;Python;69.97%
dokku/dokku;31892;4654;4511;317;0;Shell;99.05%
casey/just;31867;3549;1370;131;18;Rust;74.44%
Trinea/android-open-project;31840;4442;204;0;215;Unknown;86.21%
niklasvh/html2canvas;31811;5347;186;45;596;TypeScript;63.20%
Chanzhaoyu/chatgpt-web;31806;1121;159;43;566;Vue;100.00%
valinet/ExplorerPatcher;31768;1670;19;296;122;C;88.68%
microsoft/MS-DOS;31764;2810;37;0;679;Assembly;0.00%
airbnb/lottie-web;31735;4031;136;0;186;JavaScript;73.18%
amix/vimrc;31719;5028;107;0;516;Vim Script;97.51%
kovidgoyal/kitty;31677;3427;1244;132;0;Python;99.86%
vbenjs/vue-vben-admin;31675;2064;1748;61;0;Vue;98.00%
continuedev/continue;31670;1017;3891;803;0;TypeScript;81.18%
ReactiveX/rxjs;31653;4009;2588;2;375;TypeScript;92.95%
facebook/rocksdb;31600;4844;620;212;0;C++;75.69%
codex-team/editor.js;31590;3750;870;107;0;TypeScript;60.84%
ianstormtaylor/slate;31579;3548;1980;210;1;TypeScript;78.93%
numpy/numpy;31568;5652;13925;139;0;Python;84.86%
shardeum/shardeum;31567;688;326;0;172;TypeScript;87.50%
kubernetes/minikube;31557;3611;9396;154;3;Go;95.07%
tinygrad/tinygrad;31498;1964;10528;14;0;Python;88.55%
conductor-oss/conductor;31491;819;340;33;0;Java;59.34%
OWASP/CheatSheetSeries;31490;2632;1199;0;0;Python;92.06%
ItzCrazyKns/Perplexica;31485;696;82;33;21;TypeScript;70.64%
surrealdb/surrealdb;31450;1547;2606;121;0;Rust;74.99%
TauricResearch/TradingAgents;31414;433;19;1;9;Python;16.84%
OpenBMB/ChatDev;31413;921;136;11;7;Python;88.78%
raysan5/raylib;31400;4515;2448;24;1;C;100.00%
tokio-rs/tokio;31376;3464;3802;141;0;Rust;87.58%
Dokploy/dokploy;31357;686;1329;147;0;TypeScript;75.63%
influxdata/influxdb;31352;4544;10939;95;0;Rust;85.55%
MHSanaei/3x-ui;31350;1120;642;102;1;HTML;84.72%
coolsnowwolf/lede;31336;3103;2051;7;1;C;91.22%
patchy631/ai-engineering-hub;31300;501;62;0;7;Jupyter Notebook;31.82%
microsoft/WSL;31284;3620;543;97;0;C++;92.38%
alpinejs/alpine;31279;2290;694;146;6;HTML;100.00%
microsoft/graphrag;31269;708;720;35;0;Python;96.38%
mathiasbynens/dotfiles;31255;5295;44;0;577;Shell;64.89%
donnemartin/interactive-coding-challenges;31216;3964;176;0;666;Python;46.38%
parallax/jsPDF;31167;5933;753;41;3;JavaScript;95.98%
motiondivision/motion;31134;2667;1177;0;0;TypeScript;89.72%
SagerNet/sing-box;31130;1345;191;499;0;Go;94.58%
mqyqingfeng/Blog;31123;3280;3;0;3;Unknown;25.31%
DevToys-app/DevToys;31046;1619;501;39;9;C#;67.82%
docsifyjs/docsify;31030;3393;782;16;1;JavaScript;93.82%
SortableJS/Sortable;31020;4460;248;31;22;JavaScript;73.75%
tqdm/tqdm;31005;3929;289;133;20;Python;57.17%
fabricjs/fabric.js;30982;5748;2429;181;0;TypeScript;93.17%
pear-devs/pear-desktop;30968;2512;1630;87;0;TypeScript;70.44%
symfony/symfony;30967;5905;25589;600;0;PHP;98.37%
eriklindernoren/ML-From-Scratch;30957;3316;9;0;873;Python;47.44%
OAI/OpenAPI-Specification;30940;4385;1793;14;4;Markdown;95.73%
iawia002/lux;30929;2932;304;86;67;Go;51.07%
containers/podman;30920;3046;12213;236;0;Go;91.32%
Lightning-AI/pytorch-lightning;30904;2532;9336;172;0;Python;88.84%
ascoders/weekly;30888;3273;136;193;543;JavaScript;98.92%
microsoft/calculator;30864;2593;913;0;72;C++;63.47%
alibaba/p3c;30832;3178;62;0;577;Kotlin;81.26%
webtorrent/webtorrent;30818;4525;970;229;1;JavaScript;95.94%
blueimp/jQuery-File-Upload;30808;5573;119;0;1016;PHP;98.52%
seaweedfs/seaweedfs;30780;4252;3671;289;0;Go;82.25%
AMAI-GmbH/AI-Expert-Roadmap;30778;1958;14;0;174;JavaScript;77.14%
mantinedev/mantine;30747;1884;1591;291;0;TypeScript;99.25%
aristocratos/btop;30736;1764;372;54;2;C++;53.15%
XIU2/TrackersListCollection;30727;2345;7;0;0;Unknown;0.00%
blakeblackshear/frigate;30664;2596;3728;81;0;TypeScript;98.54%
transloadit/uppy;30662;3763;3275;392;0;TypeScript;93.29%
ityouknow/spring-boot-examples;30646;3408;7;0;838;Java;90.83%
refined-github/refined-github;30617;3671;3598;186;0;TypeScript;98.02%
iperov/DeepFaceLive;30592;1907;13;35;483;Python;99.31%
s0md3v/roop;30547;1013;82;6;564;Python;0.00%
layui/layui;30539;3818;673;173;0;JavaScript;96.28%
dgtlmoon/changedetection.io;30456;1863;1054;203;0;Python;82.07%
wshobson/agents;30389;224;53;0;13;Python;89.83%
VSCodium/vscodium;30376;2762;628;264;0;Shell;91.76%
VincentGarreau/particles.js;30352;4199;21;6;708;JavaScript;25.97%
sequelize/sequelize;30350;5706;5021;489;0;TypeScript;91.35%
chinabugotech/hutool;30339;4345;514;156;1;Java;99.94%
trailofbits/algo;30323;3582;686;4;2;Python;96.06%
ValveSoftware/Proton;30323;2914;13;76;0;C++;44.92%
pmndrs/react-three-fiber;30321;2566;690;131;1;TypeScript;99.49%
herrbischoff/awesome-macos-command-line;30317;3817;104;0;2;Unknown;0.00%
Binaryify/NeteaseCloudMusicApi;30290;3544;292;0;737;Unknown;89.00%
facebook/folly;30275;5025;13;280;0;C++;75.50%
tatsu-lab/stanford_alpaca;30267;1091;6;0;597;Python;36.57%
jobbole/awesome-python-cn;30257;3776;51;0;1285;Makefile;52.94%
joshbuchea/HEAD;30238;3606;87;0;20;Unknown;78.49%
cfenollosa/os-tutorial;30220;4176;11;0;30;C;58.24%
AvaloniaUI/Avalonia;30197;4473;5654;120;0;C#;77.96%
waydabber/BetterDisplay;30194;1594;2;119;1;Unknown;94.11%
openai/openai-python;30161;1957;1053;369;0;Python;86.47%
spf13/viper;30160;4356;520;35;52;Go;99.14%
songquanpeng/one-api;30157;1049;287;55;56;JavaScript;49.86%
cheeriojs/cheerio;30147;5262;3122;62;0;TypeScript;98.29%
dragonflydb/dragonfly;30113;1546;3995;114;0;C++;87.50%
telegramdesktop/tdesktop;30091;4326;1854;830;0;C++;94.30%
grafana/k6;30053;3636;2457;85;0;Go;71.54%
jumpserver/jumpserver;30048;4263;7872;264;0;Python;99.12%
sunface/rust-course;30031;2768;811;0;36;Rust;70.32%
xuxueli/xxl-job;29960;3751;124;42;23;Java;94.76%
StevenBlack/hosts;29959;5075;507;832;5;Python;94.06%
vercel/turborepo;29949;1612;7173;681;0;Rust;94.69%
kingToolbox/WindTerm;29931;2339;1;32;359;C;20.10%
encode/django-rest-framework;29927;5482;3108;21;1;Python;99.01%
square/leakcanary;29908;3963;933;43;0;Kotlin;91.48%
AllThingsSmitty/css-protips;29902;3842;73;0;351;Unknown;98.41%
ageron/handson-ml2;29898;2614;65;0;11;Jupyter Notebook;58.69%
google-research/tuning_playbook;29896;1142;14;0;626;Unknown;75.56%
GoogleChrome/lighthouse;29883;3650;5564;130;0;JavaScript;94.74%
apolloconfig/apollo;29782;3654;1498;42;9;Java;95.85%
hashicorp/consul;29774;4504;14140;256;0;Go;76.81%
foundation/foundation-sites;29764;5257;2958;79;408;HTML;99.26%
iced-rs/iced;29730;2425;1161;18;1;Rust;73.70%
zellij-org/zellij;29699;2012;1387;65;0;Rust;47.25%
nvim-lua/kickstart.nvim;29696;1351;265;0;6;Lua;95.05%
JushBJJ/Mr.-Ranedeer-AI-Tutor;29688;1071;0;3;157;Unknown;69.39%
openssl/openssl;29688;4797;145;297;0;C;89.25%
qarmin/czkawka;29682;2011;468;40;0;Rust;62.19%
filamentphp/filament;29640;2178;5798;821;0;PHP;99.40%
vuejs/vue-cli;29637;3722;1259;178;197;JavaScript;82.97%
sampotts/plyr;29628;4038;393;93;61;JavaScript;57.89%
alibaba/canal;29619;4800;479;32;22;Java;75.50%
nginx/nginx;29613;3909;156;14;2;C;52.52%
aosabook/500lines;29594;4505;175;0;930;JavaScript;58.57%
helm/helm;29581;3804;4440;237;0;Go;96.80%
